<?xml version="1.0" encoding="UTF-8"?>
<!DOCTYPE suite SYSTEM "https://testng.org/testng-1.0.dtd">
<suite name="Suite" parallel="tests" thread-count="2">

	<test thread-count="5" name="chromeBrowser">
		<parameter name="browser" value="chrome"></parameter>
		<classes>
			<class name="org.Capstone.TC.CapstoneProject" />
		</classes>
	</test> <!-- Test -->
	<!-- 	<test thread-count="5" name="edgeBrowser">
		<parameter name="browser" value="edge"></parameter>
		<classes>
			<class name="org.Capstone.TC.CapstoneProject" />
		</classes>
	</test>
-->

</suite> <!-- Suite -->